{
    "0": {
        "precision": 0.9920879120879121,
        "recall": 0.9905639675224929,
        "f1-score": 0.9913253541232019,
        "support": 4557.0
    },
    "1": {
        "precision": 0.8086238532110092,
        "recall": 0.9918973666441594,
        "f1-score": 0.8909329829172142,
        "support": 4443.0
    },
    "2": {
        "precision": 0.0,
        "recall": 0.0,
        "f1-score": 0.0,
        "support": 1000.0
    },
    "accuracy": 0.8921,
    "macro avg": {
        "precision": 0.6002372550996404,
        "recall": 0.6608204447222175,
        "f1-score": 0.6274194456801387,
        "support": 10000.0
    },
    "weighted avg": {
        "precision": 0.8113660395201129,
        "recall": 0.8921,
        "f1-score": 0.8475884881840613,
        "support": 10000.0
    }
}