{
    "attack": {
        "precision": 0.9921100917431193,
        "recall": 0.9933860003674444,
        "f1-score": 0.9927476360965758,
        "support": 5443.0
    },
    "safe": {
        "precision": 0.9920879120879121,
        "recall": 0.9905639675224929,
        "f1-score": 0.9913253541232019,
        "support": 4557.0
    },
    "accuracy": 0.9921,
    "macro avg": {
        "precision": 0.9920990019155157,
        "recall": 0.9919749839449686,
        "f1-score": 0.9920364951098888,
        "support": 10000.0
    },
    "weighted avg": {
        "precision": 0.9920999844742415,
        "recall": 0.9921,
        "f1-score": 0.9920995022013093,
        "support": 10000.0
    }
}