{
  "model_name": "DistilBERT",
  "device": "cuda",
  "batch_size": 32,
  "accuracy": 0.9921,
  "precision": 0.9921100917431193,
  "recall": 0.9933860003674444,
  "f1": 0.9927476360965758,
  "predict_seconds": 51.848256299999996,
  "ms_per_sample": 5.18482563,
  "parameter_count": 66955010,
  "sample_count": 10000,
  "average_confidence": 0.9975071359038353
}