{
  "train_file": "D:\\PromptInjectionDetection\\data\\ipi\\ipi_train_group_source.json",
  "test_file": "D:\\PromptInjectionDetection\\data\\ipi\\ipi_test_group_source.json",
  "best_params": {
    "instructionality_weight": 0.33402774140688785,
    "authority_conflict_weight": 0.4275146911846204,
    "execution_affinity_weight": 0.23845756740849178,
    "warn_threshold": 0.12465943559777146,
    "block_threshold": 0.44639509181172915,
    "strong_signal_multiplier": 1.2537570435538332,
    "pattern_bonus_single": 0.1258764421444331,
    "pattern_bonus_multi": 0.23699826495664625,
    "context_bonus_retrieved": 0.11890409066378241,
    "context_bonus_history": 0.07091063530159541,
    "context_bonus_benign": 0.04082465585401465
  },
  "train_metrics": {
    "precision": 0.5177954388389772,
    "recall": 0.46653175591531754,
    "f1": 0.49082869308876514,
    "accuracy": 0.611375
  },
  "test_metrics": {
    "precision": 0.5294117647058824,
    "recall": 0.5209923664122137,
    "f1": 0.5251683231805065,
    "accuracy": 0.62975
  },
  "note": "Recovered from completed 100-trial search run that crashed after optimization due missing execution weight serialization."
}