{
  "train_file": "D:\\PromptInjectionDetection\\data\\ipi\\ipi_train_group_source.json",
  "test_file": "D:\\PromptInjectionDetection\\data\\ipi\\ipi_test_group_source.json",
  "best_params": {
    "instructionality_weight": 0.3630814271327724,
    "authority_conflict_weight": 0.23618602987274595,
    "warn_threshold": 0.06405549217729352,
    "block_threshold": 0.3686962153053826,
    "strong_signal_multiplier": 1.2196459570257319,
    "pattern_bonus_single": 0.191565721035704,
    "pattern_bonus_multi": 0.22887419203811166,
    "context_bonus_retrieved": 0.10608478860609652,
    "context_bonus_history": 0.060328890421603214,
    "context_bonus_benign": 0.06018216200413467,
    "execution_affinity_weight": 0.4007325429944816
  },
  "best_train_recall": 0.6531755915317559,
  "test_metrics": {
    "precision": 0.5024015369836695,
    "recall": 0.6653944020356234,
    "f1": 0.5725232621784345,
    "accuracy": 0.6095
  },
  "n_trials": 100
}